INSERT INTO USERS(GOOGLEID, NAME, LEVEL)
VALUES('101812010762749781224', 'Imre Torma', 'ADMIN')


INSERT INTO PROJECT(ID, NAME, DESCRIPTION)
VALUES(1, 'project1', 'descr1');
INSERT INTO PROJECT(ID, NAME, DESCRIPTION)
VALUES(2, 'project2', 'descr2');
INSERT INTO PROJECT(ID, NAME, DESCRIPTION)
VALUES(3, 'project3', 'descr3');


INSERT INTO ISSUE(ID, NAME, DESCRIPTION, PROJECT_ID)
VALUES(1, 'issue1', 'descr', 1);
INSERT INTO ISSUE(ID, NAME, DESCRIPTION, PROJECT_ID)
VALUES(2, 'issue2', 'descr2', 1);
INSERT INTO ISSUE(ID, NAME, DESCRIPTION, PROJECT_ID)
VALUES(3, 'issue3', 'descr2', 2);
INSERT INTO ISSUE(ID, NAME, DESCRIPTION, PROJECT_ID)
VALUES(4, 'issue4', 'descr2', 3);


INSERT INTO PROJECT_ISSUE(PROJECT_ID, ISSUES_ID)
VALUES(1, 1);
INSERT INTO PROJECT_ISSUE(PROJECT_ID, ISSUES_ID)
VALUES(1, 2);
INSERT INTO PROJECT_ISSUE(PROJECT_ID, ISSUES_ID)
VALUES(2, 3);
INSERT INTO PROJECT_ISSUE(PROJECT_ID, ISSUES_ID)
VALUES(3, 4);


INSERT INTO WORKINGHOUR(ID, STARTING, DURATION, USER_GOOGLEID, ISSUE_ID)
VALUES(1, Date('2017-10-01'), 1, '101812010762749781224', 1);
INSERT INTO WORKINGHOUR(ID, STARTING, DURATION, USER_GOOGLEID, ISSUE_ID)
VALUES(2, Date('2017-10-01'), 2, '101812010762749781224', 2);
INSERT INTO WORKINGHOUR(ID, STARTING, DURATION, USER_GOOGLEID, ISSUE_ID)
VALUES(3, Date('2017-10-01'), 3, '101812010762749781224', 3);
INSERT INTO WORKINGHOUR(ID, STARTING, DURATION, USER_GOOGLEID, ISSUE_ID)
VALUES(4, Date('2017-10-01'), 4, '101812010762749781224', 4);
INSERT INTO WORKINGHOUR(ID, STARTING, DURATION, USER_GOOGLEID, ISSUE_ID)
VALUES(5, Date('2017-10-01'), 5, '101812010762749781224', 1);


INSERT INTO ISSUE_WORKINGHOUR(ISSUE_ID, WORKINGHOURS_ID)
VALUES(1, 1);
INSERT INTO ISSUE_WORKINGHOUR(ISSUE_ID, WORKINGHOURS_ID)
VALUES(1, 5);
INSERT INTO ISSUE_WORKINGHOUR(ISSUE_ID, WORKINGHOURS_ID)
VALUES(2, 2);
INSERT INTO ISSUE_WORKINGHOUR(ISSUE_ID, WORKINGHOURS_ID)
VALUES(3, 3);
INSERT INTO ISSUE_WORKINGHOUR(ISSUE_ID, WORKINGHOURS_ID)
VALUES(4, 4);


INSERT INTO USERS_WORKINGHOUR(USER_GOOGLEID, WORKINGHOURS_ID)
VALUES('101812010762749781224', 1);
INSERT INTO USERS_WORKINGHOUR(USER_GOOGLEID, WORKINGHOURS_ID)
VALUES('101812010762749781224', 2);
INSERT INTO USERS_WORKINGHOUR(USER_GOOGLEID, WORKINGHOURS_ID)
VALUES('101812010762749781224', 3);
INSERT INTO USERS_WORKINGHOUR(USER_GOOGLEID, WORKINGHOURS_ID)
VALUES('101812010762749781224', 4);
INSERT INTO USERS_WORKINGHOUR(USER_GOOGLEID, WORKINGHOURS_ID)
VALUES('101812010762749781224', 5);